id,released,area,mean_elevation,mean_slope,seed_triangles,volume,thickness,tsunami_potential_ratio,no2d,slopeunit,cluster,cluster_center_dist,LONLO,LONHI,LATLO,LATHI
6740398,"[8811, 12259, 8812, 8810, 8816, 8792, 8808, 10825, 10812, 8807, 10826, 10827, 10813, 8806, 10828, 8813, 10829, 8800]",1899349.750605693,-195.71849060058594,15.483339189980974,"[8811, 12259]",20613369.287228223,10.852855973816682,12.124759310263876,4.154439485811664,-1,59,0.06975832868231549,15.263333403999999,15.437083483,37.76666676000001,37.927083495
4512447,"[6298, 8971, 6296, 10985, 8965, 10984, 8964, 10986, 8967, 8962, 6270, 8966, 6273, 6282, 6271]",1727297.0810344038,-184.11563110351562,13.238970428799421,"[6298, 8971]",18116130.185134567,10.488138018669954,9.011690066384944,3.4756939115173173,-1,63,0.023323608738850157,15.436666895999998,15.681250365,38.003333616000006,38.192917041
3055398,"[4363, 9680, 4309, 9681, 4313, 4310, 9678, 4311, 7063, 7065, 8786, 4308, 8785, 7066, 4317, 8783, 7068, 4318]",2097648.857275663,-255.2452850341797,16.35675042719999,"[4363, 9680]",23594069.473805923,11.24786419422405,10.506133070903362,3.4731053635856126,-1,80,0.06440417012552525,15.268750075,15.418750135,37.79583345,37.927083495
5785186,"[8861, 13334, 12298, 10893, 13335, 12297, 12299, 10895, 13866, 12295, 10896, 13865, 12296, 10840, 10883, 10894, 13864, 12264, 12268, 13863]",2280334.407649547,-289.65167236328125,16.988387861764902,"[8861, 13334]",26431649.980647482,11.591128867757552,10.505456429536775,3.34242809237791,-1,38,0.034963727340118246,15.367500153999998,15.591250273,37.910833542000006,38.100833634
7713588,"[6274, 9017, 9016, 11046, 9018, 11049, 9019, 6277, 11051, 8942, 9007, 8960, 8943, 8961, 11043, 9006, 8945, 11042, 8941]",2392527.0956301377,-271.5105285644531,13.825662249198594,"[6274, 9017]",28215749.825840387,11.793283293374362,8.80266305377548,3.0845359861031434,-1,54,0.038254189312733944,15.436666895999998,15.681250365,38.003333616000006,38.157500346
5368491,"[9954, 11769, 9953, 11768, 4695, 13753, 11774, 9951, 13752, 11775, 9950, 13751, 11771, 8947, 9952, 13017, 7424, 13018]",2026397.7353612944,-299.02166748046875,18.30479173669125,"[9954, 11769]",22510847.201049034,11.108800018983187,9.654815777227654,3.074426001195155,-1,49,0.05919549220455347,15.392083526999999,15.686667036,37.952083575,38.124166986
17433,"[909, 910, 884, 4384, 2450, 4385, 2451, 885, 7125, 2453, 2218, 7124, 4377, 4378]",1713658.749943198,-215.87599182128906,14.27840047834911,[909],17921871.782912858,10.458250094137417,8.081926526759068,3.0576404722735626,-1,37,0.03633393783355457,15.312916776999998,15.463333504,37.825416807,37.977083535
4238980,"[1615, 6191, 6175, 6192, 3620, 3616, 6177, 8828, 6176, 1635, 3619, 3624, 531, 6180, 8829, 3623, 530]",2037329.901663498,-213.33262634277344,11.50261840732579,"[1615, 6191]",22676170.221766803,11.130337901216445,7.340916677283094,2.929318394722737,-1,29,0.051177402421294635,15.317916781,15.624166966,37.784166774000006,38.032083579
7519364,"[4565, 7271, 4566, 7269, 4567, 4568, 7268, 9824, 4571, 4574, 4570, 7299, 4569, 4573, 2402, 4572]",1868011.7658593229,-193.74000549316406,11.123813232619593,"[4565, 7271]",20152202.834252503,10.788049198920374,7.061046550153408,2.9256857830657337,-1,9,0.03457546703238996,15.312916776999998,15.624166966,37.784166774000006,38.009166893999996
8836451,"[8809, 12861, 8805, 12860, 8806, 12862, 9678, 8800, 8782, 8801, 7063, 8786]",1449729.9295192175,-218.63999938964844,16.248164194319717,"[8809, 12861]",14275677.30891823,9.847128777739009,7.78761044950874,2.9096116871509428,-1,13,0.053476578403765705,15.263333403999999,15.437083483,37.76666676000001,37.927083495
1721226,"[10850, 10854, 10849, 8858, 10853, 8862, 10852, 6215, 6214, 8863, 10880, 4692, 8864, 10889, 13020, 10888, 10890, 9957, 10891, 10892, 13021]",2261006.9116116627,-343.9073486328125,18.425906377354668,"[10850, 10854]",26127438.25311322,11.555664920320561,9.336738814567658,2.8936723176826895,-1,23,0.016879979896401012,15.342500153999998,15.686667036,37.910833542000006,38.124166986
7334041,"[8857, 8862, 4693, 8864, 8863, 4692, 9957, 10889, 13020, 10888, 13021, 10892, 13750, 13019, 10885, 13018]",1618603.5472323014,-269.8344421386719,18.397119167412058,"[8857, 8862]",16583543.0757473,10.245586761566164,8.262884678496555,2.8151085982036554,-1,64,0.024510620926532854,15.342500153999998,15.686667036,37.910833542000006,38.124166986
6748003,"[3590, 8811, 3589, 8812, 6140, 8816, 8789, 10825, 8792, 8790, 10826, 10827, 10828, 8813, 8791, 10829, 8452]",1783963.674701313,-273.6199951171875,16.45554060802945,"[3590, 8811]",18929155.077853173,10.61072898865077,7.732065745664159,2.730780140686888,-1,16,0.02476223682914618,15.263333403999999,15.437083483,37.76666676000001,37.927083495
7212217,"[761, 2463, 4313, 2464, 749, 4312, 309, 7064, 750, 7065, 7067, 753, 7066, 2201, 7068, 4317]",1630349.6462860699,-254.73812866210938,16.02309722764459,"[761, 2463]",16747426.660203539,10.272291405928852,7.234013108440614,2.6611005904596343,-1,6,0.06859371681455309,15.268750075,15.486250189,37.795416783,37.941666839999996
6789905,"[10995, 13920, 10994, 12416, 4719, 12415, 7439, 2586, 7440, 4712]",1175517.458438131,-181.02427673339844,14.320958124918231,"[10995, 13920]",10733906.632932004,9.131218388873416,6.202227828348668,2.6367115945526147,-1,52,0.2661537772598732,15.436666895999998,15.681250365,38.003333616000006,38.174167026
7561696,"[10869, 12298, 10870, 12297, 10878, 12296, 10880, 10879, 10881, 10894, 10888, 12299, 10886, 10887, 10883, 12295, 10892]",1765589.65400443,-313.30126953125,18.680525004363595,"[10869, 12298]",18664499.739840697,10.571255726101954,7.755226658838218,2.581905841175217,-1,42,0.039373530956689,15.367500153999998,15.591250273,37.910833542000006,38.100833634
5899379,"[8968, 12455, 12450, 10985, 12454, 10984, 12453, 10986, 10987, 8967, 8962, 6275, 8959, 6273, 8961, 6276, 8960, 8941]",1968062.7199864495,-270.725341796875,13.691383052994917,"[8968, 12455]",21634118.841827046,10.992596232896481,6.6708065431882675,2.5281914985372578,-1,5,0.022449723658067185,15.436666895999998,15.681250365,38.003333616000006,38.157500346
6373490,"[13862, 13891, 14153, 13866, 14154, 13865, 14158, 13863, 13864, 13867, 10895, 12269, 13319, 10896, 12270, 10840, 12271]",1937267.6299907533,-303.83233642578125,15.803178599023155,"[13862, 13891]",21175035.42019689,10.93036144949057,7.013249193327077,2.49549450340854,-1,94,0.039385267867064165,15.367500153999998,15.591250273,37.910833542000006,38.100833634
3909060,"[9947, 11767, 9948, 11766, 11765, 11768, 9946, 11774, 11773, 11775, 11772, 9954, 11771, 9953, 3670, 9952, 13753, 9951, 7424, 7307, 13752, 9950, 13751, 7423]",2417561.630266751,-426.3163757324219,17.955490951617296,"[9947, 11767]",28618029.928372197,11.837559617958743,7.292227901187109,2.305019479709933,-1,22,0.037088277132640714,15.439166877999998,15.607500286,37.97500026,38.124166986
5424093,"[6174, 7265, 8831, 4564, 8832, 4566, 3612, 8829, 2489, 2405, 6181, 2404, 6178, 6180]",1624939.250178247,-217.18707275390625,11.311569329947245,"[6174, 7265]",16671886.89704094,10.260006271134214,5.125360729279396,2.251354264042987,-1,34,0.027297651436355562,15.317916781,15.624166966,37.784166774000006,38.032083579
6292406,"[6141, 12263, 6140, 8816, 8789, 10825, 8790, 10826, 10827, 8813, 8791, 10829]",1260979.838497385,-249.78439331054688,16.8879436549327,"[6141, 12263]",11808896.982222635,9.364857884083548,5.703612493779827,2.230926249151526,-1,70,0.04353462049487801,15.263333403999999,15.437083483,37.76666676000001,37.927083495
5117814,"[11047, 11049, 11050, 11051, 9019, 11034, 9007, 11045, 9005, 11043, 9006, 11042, 8943, 11040]",1950589.4723273471,-305.971435546875,13.998588669298146,"[11047, 11049]",21373313.25567773,10.95736112539157,5.768061454701467,2.2006918226219074,-1,71,0.05265036852565948,15.414166877999998,15.681250365,37.97500026,38.157500346
5076302,"[7222, 7229, 3641, 7223, 7226, 3645, 7225, 4499, 4498, 3644, 2337, 1667, 4500, 2340, 1668, 8872, 3642, 1666]",2142445.843743402,-320.6994323730469,13.362159295353097,"[7222, 7229]",24281955.533041295,11.333754644931652,5.698197142241318,2.1683779718955805,-1,4,0.03742543760249462,15.367500153999998,15.601666948,37.892083527000004,38.100833634
7984268,"[9680, 11564, 9681, 11561, 9678, 4310, 12861, 7063, 12864, 4311, 8786, 4308, 8785, 7065]",1669981.1208320393,-324.0531311035156,16.817846314755407,"[9680, 11564]",17303501.037872814,10.361495002561252,5.795337973447704,2.1162387750939393,-1,62,0.025356374499203155,15.268750075,15.418750135,37.79583345,37.927083495
4236641,"[1615, 6191, 6175, 6192, 8828, 3616, 8829, 3617, 1635, 3618, 3624, 532, 3625]",1617222.7743671034,-235.639404296875,11.742652464034006,"[1615, 6191]",16564306.344232945,10.242439450381442,4.832283954809234,2.106881703471775,-1,39,0.020951159865461946,15.317916781,15.624166966,37.784166774000006,38.032083579
320581,"[7272, 7271, 7269, 4568, 7268, 9824, 4574, 4573, 4572, 4563]",1171567.7861321599,-170.8283233642578,10.816662741134419,[7272],10684887.482730988,9.120161555488236,4.258127810768688,2.0978068977286433,-1,66,0.349440011882582,15.312916776999998,15.624166966,37.784166774000006,38.009166893999996
1125145,"[3409, 5856, 3410, 5854, 3407, 5853, 1483, 3413, 1482, 3335, 3420, 3340, 3419, 3334, 480, 3339]",1916988.0472509782,-345.1494445800781,15.552412330711553,"[3409, 5856]",20874142.817853432,10.889031284147867,5.65031681844351,2.0722788840391764,-1,41,0.05966039755001233,15.196666683999998,15.484166854,37.678750023000006,37.86250011
3320383,"[4694, 11768, 4696, 11774, 13754, 11775, 13753, 13750, 13752, 9954, 11780, 9953, 11781, 9951]",1528363.372378928,-347.1426696777344,19.43067800631581,"[4694, 11768]",15338908.773018712,10.036166169792068,5.893594505793657,2.0450901356805704,-1,10,0.03293573801529965,15.392083526999999,15.686667036,37.952083575,38.124166986
198299,"[4774, 4749, 4767, 4768, 4769, 4770, 7450, 9990, 4735, 9989, 9991]",1273535.4249011849,-256.5150146484375,15.773898968604334,[4774],11969093.521369422,9.398320052461923,4.993111123560636,2.0361198174009365,-1,40,0.18411917267858346,15.570000335999998,15.686667036,37.967083587000005,38.081666952
3223944,"[9037, 12451, 8969, 12450, 8968, 6309, 12453, 6274, 9017, 6275, 9016, 11046, 9018, 6276, 11049, 9019, 6277, 11051, 9005, 8959, 8943]",2497076.6210059724,-389.7673645019531,13.609406298044895,"[9037, 12451]",29905674.427851643,11.976274246564305,5.521585323588593,2.014141959836642,-1,32,0.021098344935029118,15.436666895999998,15.681250365,38.003333616000006,38.157500346
1802689,"[2836, 10307, 2840, 7958, 5162, 2839, 10336, 7959, 10337, 7957, 2837, 7961, 5170]",1520757.4962231026,-298.0264587402344,15.507276645257743,"[2836, 10307]",15235187.846859828,10.018157322714096,5.02694249907902,1.9761239708994656,-1,76,0.12557392406208193,15.676667087999999,15.796667123999999,37.835416815,37.959166853999996
3998987,"[1639, 2492, 1640, 1638, 3627, 2359, 3628, 3630, 3632, 2356, 3629, 2358, 2357, 6198, 3631, 6197, 2350]",1966572.7741664299,-292.0787658691406,11.778916199558443,"[1639, 2492]",21611847.290682517,10.989599558472031,4.710560678244184,1.9596504531066368,-1,68,0.027842663244194828,15.317916781,15.624166966,37.78791677700001,38.100833634
1112213,"[5861, 8484, 5859, 5860, 5857, 5858, 3417, 8493, 3420, 8494, 3419, 8496, 5841, 480, 3418]",1572158.557760591,-256.981201171875,12.390262071623512,"[5861, 8484]",15939742.000104412,10.138762354103296,4.497643841827504,1.9471175025776661,-1,88,0.04229726008156719,15.196666683999998,15.484166854,37.678750023000006,37.86250011
5451480,"[7998, 8004, 7999, 8003, 8005, 5192, 8006, 11990, 5200, 11989, 2852, 11991, 2856]",1568197.6648135886,-356.24847412109375,18.581034912645528,"[7998, 8004]",15885151.15003355,10.129559242725831,5.480339925035798,1.9465846412900498,-1,56,0.029176764023963197,15.475000259999998,15.686667036,37.890416859000005,38.073333612
8717453,"[10374, 13174, 10416, 13173, 10414, 10415, 1122, 13171, 13170, 10413, 13169, 12005, 13172, 12007, 12006]",1660678.702605633,-387.7714538574219,19.531710145363135,"[10374, 13174]",17172546.364767797,10.340679589509868,5.710540290042181,1.9420450041490176,-1,48,0.03848534385502934,15.562500329999999,15.762917096999999,37.829583477,38.018333567999996
1399949,"[10938, 13369, 10936, 13368, 13367, 10937, 13365]",824632.2095834935,-170.58700561523438,13.731005001927395,"[10938, 13369]",6627660.590644348,8.037110985504505,3.884754655659971,1.9174869448712655,-1,85,0.12666848430984157,15.477916909,15.646250317,38.047916985,38.192917041
5105737,"[11766, 11770, 11768, 9946, 11769, 11774, 11773, 11775, 11772, 9954, 11771, 3670, 9952, 9953, 7424, 7307, 9950, 7423]",1963216.9558633547,-421.3182373046875,18.068625560387794,"[11766, 11770]",21561707.126843724,10.982844795857844,5.641106979286492,1.9171480511486518,-1,75,0.016305907860299056,15.439166877999998,15.607500286,37.97500026,38.124166986
3564439,"[12285, 13341, 10868, 13340, 13342, 13339, 8861, 10870, 13338, 12298, 13337, 10878, 13336, 12299, 10880, 13334, 10879, 10881, 10893, 12295]",2455863.562267241,-464.3715515136719,16.08561096489787,"[12285, 13341]",29236408.4118801,11.90473642798348,5.54662462787876,1.8881733264534157,-1,83,0.03277785045328938,15.367500153999998,15.591250273,37.910833542000006,38.100833634
585304,"[10855, 10851, 10854, 10850, 10853, 10849, 8858, 10852, 6214, 8862, 6215, 4692, 8863, 10889, 13020, 10890]",1787792.6641882847,-400.33502197265625,18.233843265053178,[10855],18984430.9980472,10.618922081027076,5.408445474719899,1.8799744147345585,-1,33,0.02287280501579607,15.342500153999998,15.686667036,37.910833542000006,38.124166986
1131749,"[12310, 12317, 12309, 12300, 13349, 10909, 8873, 13348, 10841, 14155, 10843, 13351, 10842, 14156, 10926, 14157, 13870]",1970389.2048645595,-399.1768493652344,16.28464446546487,"[12310, 12317]",21668907.028782334,10.997272506003103,5.1671055101386205,1.8589868315385614,-1,95,0.03123647939906945,15.367500153999998,15.585416935,37.910833542000006,38.100833634
1991175,"[12453, 12455, 6275, 12454, 10985, 6276, 10987, 6277, 8959, 10986, 8942, 8962, 8943]",1350827.3758822042,-269.34783935546875,14.206703659486841,"[12453, 12455]",12967673.295283847,9.599800482881733,4.273444154475169,1.8248232067493177,-1,69,0.03580155293551926,15.436666895999998,15.681250365,38.003333616000006,38.157500346
1155236,"[7441, 9980, 9979, 4838, 9983, 7531, 9985, 9982, 7532, 4724, 7534]",1205056.4208819373,-265.43084716796875,15.574951119762,"[7441, 9980]",11102385.37464229,9.213166439557124,4.328816932181358,1.8241654318483826,-1,7,0.05552921872306656,15.436666895999998,15.686667036,37.962500250000005,38.157500346
2966649,"[8969, 12453, 8968, 6309, 6275, 12454, 6274, 9017, 10987, 6276, 11046, 10986, 9016, 8959, 8962, 11049, 9018, 6273]",1898260.4768232084,-345.8338623046875,13.844510935990646,"[8969, 12453]",20597293.392303072,10.850614888623301,4.611046777803154,1.8174378469189594,-1,97,0.02484876259871235,15.436666895999998,15.681250365,38.003333616000006,38.157500346
6693578,"[8032, 10401, 10408, 10404, 10407, 10392, 10409, 12001, 8048, 12002, 12004, 13166, 8046, 8047, 13168]",1664439.8756068004,-436.9036865234375,20.950913934430794,"[8032, 10401]",17225462.513414826,10.349104684322096,5.43868603442043,1.7890967726898814,-1,46,0.07256165065969554,15.522500297999999,15.713750391,37.854166830000004,38.027500242
3690386,"[10848, 13334, 13862, 13335, 14153, 13866, 14154, 13865, 14158, 13863, 13864, 13867]",1461985.1830753856,-324.13153076171875,16.063381192530567,"[10848, 13334]",14440050.116151853,9.877015364667528,4.490508973873738,1.7731266107275816,-1,14,0.03696672083830422,15.367500153999998,15.591250273,37.910833542000006,38.100833634
1344765,"[8868, 12319, 13891, 10907, 12321, 13892, 10908, 10847, 10909, 10848, 14155, 13862, 14153, 14156, 13866, 14154, 13865, 14157, 13864, 14158]",2347053.523740179,-444.25,14.72172060696958,"[8868, 12319]",27488910.741381247,11.712093679728241,4.8074163151081954,1.7449875941074025,-1,45,0.028844350035837314,15.367500153999998,15.590000272,37.910833542000006,38.100833634
1091970,"[8858, 8862, 6215, 8864, 10880, 8863, 9957, 10889, 13021, 10890]",1133719.3109635492,-303.7466735839844,18.323962202996817,"[8858, 8862]",10218185.905614806,9.012976851325183,4.295921985590224,1.7031513712827606,-1,99,0.027159368338232657,15.342500153999998,15.686667036,37.910833542000006,38.124166986
5668987,"[884, 895, 4384, 2450, 896, 4385, 4386, 2451, 7122, 2218]",1142876.5339423034,-272.05999755859375,15.463528457646342,"[884, 895]",10330594.839079358,9.039117115690892,3.848304140984193,1.6667226852652344,-1,53,0.0681627875409959,15.312916776999998,15.463333504,37.825416807,37.977083535
3531843,"[10857, 10858, 10859, 9941, 8859, 10855, 10869, 10851, 10854, 10850, 10853, 10849, 8858, 10852, 8862, 6214, 6215, 4692, 8863]",2224512.6613342706,-505.9859313964844,16.79003297762234,"[10857, 10858]",25555577.483983155,11.488169039530137,4.614001777821991,1.6054925990720843,-1,74,0.028409202203735957,15.342500153999998,15.686667036,37.910833542000006,38.124166986
6556818,"[12285, 13339, 10868, 13338, 8861, 10870, 13337, 12298, 13336, 10878, 12297, 12299, 13334, 12296, 10879]",1926409.224043942,-450.3639831542969,16.422170913107397,"[12285, 13339]",21013785.09523516,10.9082664435767,4.299765775172905,1.5767170567333153,-1,0,0.024194688293279743,15.367500153999998,15.591250273,37.910833542000006,38.100833634
1202928,"[752, 4309, 750, 4313, 4310, 4312, 753, 7064, 2201]",1102032.7115758285,-308.25909423828125,17.265669183400576,"[752, 4309]",9831748.497609217,8.92146702573875,3.680448607455406,1.5349371046620748,-1,89,0.08530289161512329,15.268750075,15.486250189,37.795416783,37.936250169
7679128,"[9968, 11774, 9965, 11775, 4634, 11771, 7306, 6307, 9952, 6308, 7424, 11041]",1416326.809218643,-378.48199462890625,17.390151559971535,"[9968, 11774]",13830204.02433254,9.764839537255082,3.9450973656781407,1.5313055203696875,-1,12,0.03125397338162802,15.439166877999998,15.607500286,37.97500026,38.124166986
4211937,"[10870, 13339, 10878, 12285, 10879, 10868, 10886, 8861, 10883, 10887, 12298, 10885]",1383249.7814242782,-383.23858642578125,17.542685238137235,"[10870, 13339]",13392790.942957003,9.682120411518857,3.8081475305968913,1.485488715175735,-1,27,0.021870310821567464,15.367500153999998,15.591250273,37.910833542000006,38.100833634
2823182,"[3588, 6141, 6142, 8811, 6140, 8793, 8789, 8796, 8797, 8790, 8798, 8791, 8794, 10813]",1540433.934921742,-396.6881103515625,15.841673307226396,"[3588, 6141]",15503895.944042578,10.064628928620829,3.5672209754107196,1.4301935941679895,-1,60,0.046084004008210395,15.263333403999999,15.437083483,37.76666676000001,37.927083495
946291,"[3410, 5771, 3416, 5772, 5854, 5767, 3335, 5853, 3334, 3413, 3336, 3420, 3340]",1403248.6107909349,-379.46588134765625,16.38969460782394,"[3410, 5771]",13656812.417615514,9.732282870330378,3.528727557945301,1.4267195754781354,-1,1,0.043930245675195226,15.196666683999998,15.484166854,37.678750023000006,37.86250011
3023281,"[7426, 9968, 9961, 7427, 9958, 9965, 3670, 9960, 4634, 9964, 9967, 6305, 7306, 7307, 9966, 7424, 6306, 7310]",2160029.165708478,-514.95703125,15.693602619321016,"[7426, 9968]",24553382.896359168,11.367153409850273,3.881279655572475,1.4264590651380722,-1,67,0.02495957056772121,15.439166877999998,15.607500286,37.97500026,38.124166986
2944129,"[1662, 7219, 7220, 7228, 7221, 7229, 7227, 7222, 7224, 3641, 7225, 3642, 3645, 4498, 6234, 2337, 3644]",1982108.3596068993,-412.0537109375,12.509650810641226,"[1662, 7219]",21844369.52026371,11.020774628384082,3.261582213469617,1.3696843776520629,-1,47,0.02116976614744698,15.367500153999998,15.601666948,37.892083527000004,38.100833634
5424034,"[6174, 7265, 8831, 4564, 8832, 4566, 3612, 2405, 2489, 3611]",1083752.0620961948,-237.82357788085938,11.20717126410089,"[6174, 7265]",9610610.44171844,8.867905102878959,2.56792870497092,1.3351892897378024,-1,84,0.054293079727009946,15.317916781,15.624166966,37.784166774000006,38.032083579
2980306,"[9037, 11052, 8969, 12451, 12461, 8968, 12452, 6309, 12455, 12450, 6274, 9017, 10985, 12453, 10984, 6275]",2005894.4323939772,-435.68646240234375,12.887030015507289,"[9037, 11052]",22201649.337238085,11.068204277700225,3.2195975492688214,1.3338295826819229,-1,72,0.022011085242385976,15.436666895999998,15.681250365,38.003333616000006,38.157500346
2642302,"[13300, 13847, 13845, 13855, 13844, 13854, 13843, 3438, 3439, 3447, 8636, 3448, 3446, 8635, 8637]",1694016.021831667,-382.03411865234375,12.786546618380383,"[13300, 13847]",17643066.78745308,10.414935018369182,3.0291425162406025,1.3199664761892662,-1,25,0.04822820956453966,15.186250008999998,15.397916785,37.650416667,37.777083375
6524698,"[9013, 9037, 11048, 8969, 11047, 8968, 6309, 11050, 6274, 9017, 11034, 11051, 9016, 6275, 11045, 11046]",2069201.1729466652,-456.09295654296875,13.062378765479721,"[9013, 9037]",23159967.914646592,11.192709639568502,3.2221879611146114,1.3174187376807311,-1,43,0.027610414529013843,15.436666895999998,15.681250365,38.003333616000006,38.157500346
7465809,"[519, 3616, 3620, 1635, 3619, 3624, 6177, 3618, 3623]",1079585.8830204597,-247.46726989746094,11.63018390316262,"[519, 3616]",9560399.656438356,8.855617516681786,2.5666280682756075,1.317289049392023,-1,98,0.03172209796972008,15.317916781,15.624166966,37.78791677700001,38.032083579
2553296,"[8037, 10373, 8036, 10372, 10374, 5238, 8055, 10416, 5239, 10415, 8057, 10414, 8056, 10413]",1497152.216283515,-544.1578369140625,22.065419447511324,"[8037, 10373]",14914474.708273962,9.961896022367851,3.780189580516184,1.2836295720868585,-1,30,0.03197760868652012,15.562500329999999,15.74166708,37.846666824,38.018333567999996
6072359,"[5851, 8495, 5850, 5852, 8488, 8497, 8492, 8496, 8491]",1008537.5313620847,-250.5919952392578,12.257120293376163,"[5851, 8495]",8715001.526255546,8.641226781600745,2.5021799417147994,1.2827892901324496,-1,58,0.18489652836181783,15.196666683999998,15.484166854,37.678750023000006,37.86250011
8225099,"[6274, 9008, 9016, 6275, 9018, 9013, 9019, 6276, 11048, 6277, 8959, 8942, 11046, 11047, 8960]",1587229.150825764,-403.7181396484375,13.74021751558456,"[6274, 9008]",16147903.96858604,10.173643774237016,2.884188741011388,1.2459011702746257,-1,15,0.018110534637437357,15.436666895999998,15.681250365,38.003333616000006,38.157500346
6210243,"[8102, 8104, 5288, 8097, 8105, 8098, 5287, 8096, 1117, 1115, 5292]",1452524.87973793,-403.74072265625,14.888453480485845,"[8102, 8104]",14313120.532004673,9.85395894532774,2.908650762106075,1.2399987404969623,-1,24,0.08304398329981381,15.562500329999999,15.762917096999999,37.829583477,38.00000022
4363114,"[3628, 6170, 3632, 1639, 2358, 1640, 1638, 3627, 2350, 3630, 2359, 2352]",1355589.3132090892,-323.1584777832031,12.04268408794416,"[3628, 6170]",13029883.276744043,9.611969605970392,2.5595423051227635,1.2258187511614984,-1,19,0.027397349213417237,15.340416799,15.601666948,37.867500174,38.100833634
1042317,"[10910, 12311, 10907, 12310, 10841, 13346, 10843, 13347, 10926, 13350, 10924]",1264635.8117983213,-397.1285705566406,16.23045801852256,"[10910, 12311]",11855484.499178506,9.37462342009746,2.8319486386363417,1.204840395158184,-1,81,0.030463777019685164,15.367500153999998,15.585416935,37.910833542000006,38.100833634
3687509,"[9947, 11765, 9948, 11770, 11767, 11769, 11766, 11768, 4695, 9946, 9954, 11773, 9953, 11772, 13753, 11771]",1667243.8894880076,-532.1143798828125,17.125699160516607,"[9947, 11765]",17264940.361840747,10.355377800870286,3.0019135378394313,1.1571092317258016,-1,57,0.02407033056113721,15.439166877999998,15.607500286,37.97500026,38.124166986
4771171,"[10399, 10404, 10398, 10392, 5237, 12001, 8046, 12002]",1033165.9305385466,-429.4525146484375,19.602262149470413,"[10399, 10404]",9005701.830590583,8.716607433905882,2.6161361544817994,1.0746779265606128,-1,2,0.13402809131882965,15.522500297999999,15.713750391,37.854166830000004,38.027500242
2127033,"[5182, 8006, 7995, 5200, 11989, 8004, 2852, 11987]",1021536.4881482574,-415.5236511230469,18.592311190812875,"[5182, 8006]",8868119.601158107,8.681157945942173,2.476178008734728,1.0534566262408014,-1,17,0.06215091792554031,15.475000259999998,15.686667036,37.890416859000005,38.073333612
756687,"[12275, 12274, 10857, 9941, 10855, 10851, 10854, 10850, 10853, 10849, 8858, 10852, 6214, 6215, 10880]",1608535.3496238422,-546.3630981445312,16.26791756111271,[12275],16443410.115926355,10.22259791789572,2.5378886696308114,1.0271580927895776,-1,50,0.0304848381327204,15.342500153999998,15.686667036,37.910833542000006,38.124166986
4907261,"[3589, 8811, 6140, 8812, 8789, 8816, 8792, 8790]",865516.7444369631,-360.4389953613281,17.483517916101405,"[3589, 8811]",7078494.593560926,8.178345062712374,2.178718481425869,1.0073181045671393,-1,91,0.11493229903516922,15.263333403999999,15.437083483,37.76666676000001,37.927083495
4354226,"[12281, 12287, 13341, 12286, 13340, 13342, 12285, 13339, 13338, 10868, 12282, 8861, 10870, 13337, 12298, 13332, 12297]",2038696.8320172536,-593.0858764648438,14.025287058678723,"[12281, 12287]",22696864.299868092,11.133025736548555,2.4637208437020233,1.0069756904213407,-1,73,0.016193207663416972,15.367500153999998,15.591250273,37.910833542000006,38.100833634
5642188,"[8055, 10416, 8057, 10414, 10415, 13170, 13174, 10413, 13173]",957076.5875422952,-453.64093017578125,20.428669990917278,"[8055, 10416]",8115845.324625349,8.479828500941878,2.336014606043928,0.967080466672939,-1,55,0.0634013325462229,15.562500329999999,15.762917096999999,37.829583477,38.018333567999996
6301934,"[12314, 12320, 12318, 12319, 12317, 12321, 12316, 8868, 12312, 13891, 12311, 13892, 10841, 13346, 10843, 13887, 10847]",2038643.1676602904,-581.5909423828125,13.137099005736506,"[12314, 12320]",22696051.776250564,11.1329202365014,2.278224196359523,0.9638447545269964,-1,78,0.03088605833217355,15.367500153999998,15.585416935,37.910833542000006,38.100833634
794340,"[12323, 12321, 8868, 13891, 13892, 13887, 13333, 10848, 13862, 14153, 13866, 13865, 14154]",1544469.1444657878,-502.04669189453125,13.724734424400568,[12323],15559155.49886631,10.074112231130409,2.0530548198371967,0.9224854736135786,-1,44,0.05372268226009399,15.367500153999998,15.590000272,37.910833542000006,38.100833634
6707647,"[8969, 9035, 8968, 9038, 6274, 9037, 9021, 9016, 6275, 11052, 6276, 12451, 12461, 6277]",1574166.3976660992,-479.6212463378906,12.605441281808469,"[8969, 9035]",15967433.898621675,10.143421891291425,1.9570623335113606,0.9101772364110122,-1,35,0.01668159292063813,15.436666895999998,15.681250365,38.003333616000006,38.157500346
3546293,"[7217, 7220, 2348, 7221, 7229, 7222, 7226, 3641, 7223, 3642, 4499, 6234]",1346801.6706440933,-424.2266845703125,12.359683320820052,"[7217, 7220]",12915142.992056072,9.589491365777372,1.8167809261727368,0.8911394513552445,-1,36,0.056572605910446924,15.367500153999998,15.601666948,37.892083527000004,38.100833634
5534375,"[7938, 10311, 7937, 5154, 10312, 5155, 5161, 2819]",1093412.1985846453,-465.9107971191406,15.893573180807405,"[7938, 10311]",9727301.649447473,8.896280526263439,1.8018567955319325,0.8372906231941287,-1,8,0.1492933054286033,15.676667087999999,15.796667123999999,37.835416815,37.954583516999996
3372769,"[9944, 9961, 9945, 9958, 9969, 9946, 9960, 9964, 6305, 11773, 6306, 11772, 11031]",1527023.7134833862,-586.739990234375,15.095093228366942,"[9944, 9961]",15320626.405097404,10.032998354785596,1.8998461057083598,0.827912112035517,-1,92,0.01326794799379331,15.439166877999998,15.607500286,37.97500026,38.124166986
2773220,"[3410, 5772, 3416, 5767, 3415, 3346, 3414, 3345]",834776.377329385,-401.9391784667969,16.970147482934742,"[3410, 5772]",6738785.998651636,8.072564319812628,1.7008644427762443,0.8238838294349033,-1,51,0.08393385210496589,15.196666683999998,15.484166854,37.678750023000006,37.86250011
6265667,"[4690, 4693, 2555, 4696, 4694, 13754]",895793.5999560375,-497.3800048828125,19.36113670893044,"[4690, 4693]",7417355.235053885,8.280205658332347,1.7246116468263262,0.7682191147499692,-1,93,0.09612884007367498,15.342500153999998,15.686667036,37.910833542000006,38.124166986
6317483,"[8968, 9008, 12450, 6274, 12453, 9016, 6275, 9018, 12454, 6277]",1043257.3346928325,-425.44232177734375,13.478858223896362,"[8968, 9008]",9125541.139140528,8.747162215569155,1.4700029120323577,0.7565263545584502,-1,82,0.04377138358547967,15.436666895999998,15.681250365,38.003333616000006,38.157500346
4587659,"[4454, 7178, 7176, 4455, 2290, 7179, 4456, 2289, 821, 4457, 2314, 2291, 2313, 6155, 2316, 6156, 4466, 2298, 6152, 819, 4464, 2299, 2294, 4463, 2295, 2317, 2296, 8610]",3351307.835537309,-933.9384155273438,11.38471822201052,"[4454, 7178]",44620839.571834706,13.314455657780757,1.8498221044700145,0.7469204044779626,-1,96,0.018536177053774333,15.186250008999998,15.480416851,37.650416667,37.777083375
4644584,"[11438, 13666, 12804, 4476, 12810, 12807, 12166, 12806, 12175, 12169, 12805, 12176, 12167, 4472, 12173]",1897669.0051452008,-781.6881103515625,13.575774482958971,"[11438, 13666]",20588565.631165985,10.849397642762598,1.4485085290674606,0.6423350803058908,-1,65,0.029119554317421255,15.301666767999999,15.436666816,37.678333356,37.781666711999996
1071899,"[12286, 13341, 12285, 13340, 13342, 13339, 10868, 13338, 12282, 8861, 10870]",1313850.8977219851,-613.4816284179688,13.750740815578688,"[12286, 13341]",12487311.09699459,9.504359374907505,1.2531586791325573,0.6134978566171686,-1,61,0.039361630424927296,15.367500153999998,15.591250273,37.910833542000006,38.100833634
6099352,"[11414, 12787, 11415, 12784, 12788, 12785, 11413, 11421, 6729, 12786, 12789, 9454, 9455, 11423, 9456, 9464, 6739, 9465, 11434, 11433, 6740, 11432, 11435, 7191]",2863539.0792592093,-1117.0794677734375,13.411916695227424,"[11414, 12787]",36027530.56603644,12.58146984163271,1.5183281923586573,0.6087575704203362,-1,20,0.030840010656474265,15.226666708,15.480416851,37.650416667,37.777083375
2489024,"[4456, 7179, 4457, 7178, 2291, 2290, 2289, 6155, 820, 821, 819, 6156, 2314, 2299, 6152, 2313, 2298, 2294, 2297, 2316, 2303, 2295, 4466]",2698465.290272967,-936.2125244140625,11.236311618928603,"[4456, 7179]",33232664.02711308,12.315394289822933,1.3444051725316948,0.593073108061872,-1,18,0.02289283752508305,15.186250008999998,15.398333452,37.650416667,37.777083375
98695,"[4286, 4285, 4280, 7056, 7055, 7053, 4282, 2118, 723]",1042579.584848421,-484.5909118652344,12.36941988434853,[4286],9117479.474635504,8.74511606321265,1.0686987548421365,0.5868960590118527,-1,28,0.4772179605923378,15.686667095999999,15.820417143,37.742916741,37.945416843
641116,"[10914, 8869, 10911, 10905, 12303, 12308, 12318, 12317, 12316, 12300, 8873, 10841]",1475879.263847329,-668.89501953125,11.777461840639411,[10914],14627004.325204978,9.910705220612176,1.0152988823558458,0.5242148117282799,-1,26,0.018193909521658568,15.367500153999998,15.579583597,37.910833542000006,38.100833634
5506758,"[4457, 7178, 2291, 2290, 2289, 6155, 820, 6156, 2313, 819, 6152, 2316, 2294, 4466, 2298, 2295, 2297, 8610]",2137028.077555496,-923.9194946289062,11.094606844557932,"[4457, 7178]",24198484.624677107,11.323428493441824,0.9768103717222799,0.47263437581678724,-1,79,0.015095901572428844,15.186250008999998,15.480416851,37.650416667,37.777083375
6091592,"[11414, 12787, 11415, 12784, 12788, 11413, 12789, 9454, 12786, 9456, 6739, 11434, 9455, 6740, 9464, 11435, 7191, 11431]",2180633.282124568,-1121.5189208984375,13.49901370457644,"[11414, 12787]",24872454.499243747,11.406069375869922,1.0534033799068308,0.46631846208614197,-1,21,0.01725055915955944,15.226666708,15.480416851,37.650416667,37.777083375
475563,"[9468, 11426, 1917, 11425, 1916, 11424, 320, 4459, 822, 4458, 7190, 7187, 7191, 2311, 2312, 7184]",1943430.7433981707,-1021.3186645507812,12.573026185475031,[9468],21266704.325849634,10.94286709114414,0.9141931483765876,0.4342684437848942,-1,11,0.017093405868563553,15.226666708,15.480416851,37.650416667,37.777083375
293178,"[7179, 4457, 7178, 2290, 2289, 821, 820, 819, 2299, 2298, 2294, 2297, 2296]",1456185.716651996,-942.3020629882812,11.58040286918751,[7179],14362203.05853041,9.862892414266646,0.6044719855989579,0.3310138893742739,-1,3,0.021580764449972076,15.186250008999998,15.398333452,37.650416667,37.777083375
3507387,"[8821, 10734, 8820, 10735, 8819, 1603, 10733, 8609, 8591, 8610, 8615, 8608]",1582315.2128532848,-856.2606201171875,9.600526440886183,"[8821, 10734]",16079951.872096023,10.162293670361738,0.57126349802203,0.3298638423515001,-1,86,0.023638663526007356,15.186250008999998,15.397916785,37.650416667,37.777083375
7260113,"[12166, 12805, 12807, 4472, 12806, 4473, 5875]",921074.0747426427,-715.56884765625,12.4847180285735,"[12166, 12805]",7703478.224613735,8.363581644360323,0.5350952407401202,0.3222840438340322,-1,90,0.2865341885539921,15.196666683999998,15.484166854,37.678333356,37.86250011
814634,"[12787, 12784, 12788, 12789, 12786, 11413, 9454, 9455, 9456, 9464, 6739, 6740]",1414006.4029048998,-1139.6922607421875,14.414177621315984,[12787],13799397.697313495,9.759077235410217,0.6352350532992986,0.31927718564453844,-1,87,0.023641783208522785,15.226666708,15.480416851,37.650416667,37.777083375
7546803,"[6726, 13661, 12781, 13663, 13659, 13664, 13660, 12793, 12790, 9448, 12792, 11402, 9459]",1585179.6511571205,-1298.85400390625,12.695194864269581,"[6726, 13661]",16119553.365111707,10.168912623465138,0.5050147436107737,0.2657923699071102,-1,31,0.042750205262010545,15.226666708,15.487916857,37.650416667,37.777083375
352511,"[8181, 8180, 10287, 10288, 10286, 10285, 10343]",959142.7136397623,-1040.47900390625,12.787143688198489,[8181],8139682.316550054,8.486414170485144,0.3504290535251152,0.21544756449760513,-1,77,0.2827469237986681,15.573333671999999,15.762917096999999,37.791250113000004,37.977500202
